Link,Job Title,Company,Employer Active,Location,Description
,,,,,
https://www.indeed.com/pagead/clk?mo=r&ad=-6NYlbfkN0BdghbiHrqSVDsES2kr9ugFjXrQpQXlEwE3bQf0ZiZKdoq88rcvQsDK0e0df2rTC-yeF7NOMxSGb177NUtFEkdP0TxGa6-3TKM0_aNHnYGUDUbyinfMVfIaWCjbTPba0zFgZxwYKImJzuDH6eCCrZ2cGmJ62u0JdPlD8knjDSfzOYJRu-IUKuFUXqvm4BLexvv7gW7sgRBLeqbpwKVA0Q_dheBq0756vkX62-dKgg0r0IAm98n6p4XeyHmZx5AecjohnXf7prcU_UeW9JsctnhiHX8coT8z6iXKkVjUst5ryB-vE9A9GvLPh3Pdj-XlZL_zA1OjpWOoB2Lm9_xxqdLuxjeSlJtTvGixhImUPp0Rywt6UhKgx7DyjMI7WsxD68oWNvzYy20DfrrCiIBeCetzbVp2kozoZiNRMlCWkT467bMDfeuNftQP3GK9bdX1mx1eSBv0ReGLVBN61SfOrnj0abOo1fV0tHkvbogzuKrBX6rgU-fmUdCDpTlXdn_loeIE9yJN9XUpZEWJ-Dvn76CDpJMF1hptOKnHdTwFkEiEiaXCfsQdDIXbgJitsm7QpRFmYBbh-oBlmRpRd9obaoUSgRisYctjRkWIrH31-LqYxH8AEOu0dLSR&xkcb=SoAx6_M34t-B62wB6x0PbzkdCdPP&camk=nUmJqO2E8rgygYxITzl8iA==&p=0&fvj=0&vjs=3,Data Analyst,EMCJET,,Remote,
https://www.indeed.com/rc/clk?jk=0d3be3d0e7b1f647&bb=2PsbOjWHVQ2IPuS4aoaiWUbBv6GpQuDrFYmRT5CdNOT9w-3JVxYzU95mwKBJK_Q2cFyJgwHgXgFvHYDxpf6D8AyYaOxXJEAGx_cXR6BMh3ADfmGLMT5GSQ%3D%3D&xkcb=SoBx67M34t-B62wB6x0ObzkdCdPP&fccid=29efea1158b643d0&vjs=3,Financial Data Analyst,FocusKPI Inc.,,"Remote in San Francisco, CA",
https://www.indeed.com/rc/clk?jk=e9d41af650d87526&bb=2PsbOjWHVQ2IPuS4aoaiWewXDWUCYn8-uiee_F2ToaQ-h0VRiMJRfCHMKMsJzoO7afyyi8uY_nUnWogZ-XZDosFdxJUE81aX8inzK8zxWAPE7p7Xj8hGK4xPDBxMr7V6&xkcb=SoDs67M34t-B62wB6x0NbzkdCdPP&fccid=691811912e9d4a8f&cmp=Channel-Program&ti=Senior+Data+Analyst&vjs=3,Senior Data Analyst,Channel Program,,Remote,
https://www.indeed.com/rc/clk?jk=5f544a6f734bbaff&bb=2PsbOjWHVQ2IPuS4aoaiWdKTseH7ySTtgUIXpqNvuRmRvzQxobkSGMc5TYFdpMFn3qCSPVyOyalH0-OrtnTG0gpV6kCOUDk2gkOpFbg91Yc0s0mPGjk9hrsouLnNr4-C&xkcb=SoBY67M34t-B62wB6x0MbzkdCdPP&fccid=b908701c73f5428d&vjs=3,Data Analyst,Blue Orange Digital,2 days ago,"Remote in Houston, TX",
https://www.indeed.com/rc/clk?jk=0f125ae4be72e13f&bb=2PsbOjWHVQ2IPuS4aoaiWc4R__awth-k5VXiPUfX589u-1Ae4DxtpDQ-G3qB0Tn-7IKgvv42jH3XsAjefE6p5pn9HAxAA_pEigDJum5EzjhQgFNNu921Jzmol9COhHhg&xkcb=SoCx67M34t-B62wB6x0DbzkdCdPP&fccid=d19608e8f8507fff&cmp=Bibbeo&ti=Data+Analyst&vjs=3,Data Integrity Analyst,Bibbeo,,Remote,
https://www.indeed.com/rc/clk?jk=4e40d61e7aa5005e&bb=2PsbOjWHVQ2IPuS4aoaiWUGhz0UbCNVvt8tzzxdB_RyfY9y7nmu74zkgxLRMHj88DcwtZBCTaNghn8kd3bc83JpVEpBGiTZ4uqwNM9_tdHmLUpXXT_wxAfHHBeyJTkr6&xkcb=SoAF67M34t-B62wB6x0CbzkdCdPP&fccid=d05ec306668fbf92&vjs=3,Business Intelligence Analyst / Big Data (REMOTE),Koniag Technology Solutions,,Remote,
https://www.indeed.com/rc/clk?jk=ca3ca3f75677eab9&bb=2PsbOjWHVQ2IPuS4aoaiWZUrW76JckzSZfqJGYmwNnUQJ49faEsZ2wNn3ibLyFw7mNx4q6Y2BuvkCLXKgxtRsydkqstmNmiBqwo_JQC8etsOLUuk8eiCj02tfJT0bYPx&xkcb=SoCY67M34t-B62wB6x0BbzkdCdPP&fccid=21bb811abc2058c6&vjs=3,Operations and Data Analyst,HubSpot,,"Remote in Cambridge, MA",
https://www.indeed.com/rc/clk?jk=041c1e4ca65168d5&bb=2PsbOjWHVQ2IPuS4aoaiWRklcftBGc25FaL4I03wmlsZNpy5IQRiAi3iz9USKl99kjS2vfy1_ikvOWSDxZC9X7iS6aCDRaZi-1-kCqqxcDJgt9ZAGL7Cw66LSPKvqIP1&xkcb=SoAs67M34t-B62wB6x0AbzkdCdPP&fccid=778381708ea302d6&vjs=3,Senior Data Analyst,RockWallet,,Remote,
https://www.indeed.com/rc/clk?jk=b11ce9b79edc9bf2&bb=2PsbOjWHVQ2IPuS4aoaiWYVIkHSWYgAblTgh-ZQ6Fp764bxcG7tp-st0EFR0a0E7cv41lfGtvD5WZXlc0jbDIGZ7IXwQi2CjkluV-8w3xsXDJMhEC2WogHFjbhAqrZzn&xkcb=SoCi67M34t-B62wB6x0HbzkdCdPP&fccid=76d4cf3f28c81122&vjs=3,Sr Data Analyst,Natera,,"Remote in San Carlos, CA",
https://www.indeed.com/rc/clk?jk=4c6d91bdd3f4c50a&bb=2PsbOjWHVQ2IPuS4aoaiWR7QdlFzxNGc6VjPwYxAuoA6Lao989t5d4BR9iHMu_KMIrXZYs8jP6-hWf0E1Ubnit2ytfNB-I6hwWrf4b2t4et-MMRff2cacL7vnWnBtTDq&xkcb=SoAW67M34t-B62wB6x0GbzkdCdPP&fccid=cbbe922583a97e6a&vjs=3,Data Visualization Analyst,Evolver Inc,,"Remote in Reston, VA 20191",
https://www.indeed.com/rc/clk?jk=35b79a200428f989&bb=2PsbOjWHVQ2IPuS4aoaiWXvdrGxqBMn7gqjyuZpSFFQy0xknywYJoxku8QKIERqmH349rgbbI4N12KO1D5y7mtHUuNU15lbOYPhqO_9j1MvMnXdaimoRgUOFei_ksBZZ&xkcb=SoCL67M34t-B62wB6x0FbzkdCdPP&fccid=7468be1d57c28500&vjs=3,Data Analyst,Tangelo,,Remote,
https://www.indeed.com/rc/clk?jk=bac0243195d6ee98&bb=2PsbOjWHVQ2IPuS4aoaiWcCc4oq_uPGipGmYaaL_3vicUa6ufCU0b8QEsfdRvDQsalbV-AGiGGf9lHXHqap5qCTWj2fHBBFZzCppTdJ3uLDQoNikn_jyM9J596H3EC-H&xkcb=SoA_67M34t-B62wB6x0EbzkdCdPP&fccid=7d3c549f81432cea&vjs=3,DATA ANALYST,EasyPay Finance,2 days ago,"Remote in Columbia, SC",
https://www.indeed.com/rc/clk?jk=a88fda424c92730d&bb=2PsbOjWHVQ2IPuS4aoaiWZdyM8VLQuKsSQwckx2zDr4nVpW7cnxuUmk2--mdvrWWZT5UpJ72FoKRLvA5W3Vcm8b7O1DJ_EmqJkWpDIETW6YS9J3XF9dCpdbaPf4vDWsK&xkcb=SoAY67M34t-B62wB6x0bbzkdCdPP&fccid=2aff0ce82af3cfeb&vjs=3,Data Analyst,Everlight Solar,,"Remote in Nashville, TN",
https://www.indeed.com/rc/clk?jk=b594e99264a17208&bb=2PsbOjWHVQ2IPuS4aoaiWT--qv_IkHp73YfY4uMdsZ5lgVMb-zl_QKvewwqfPlV-Ww28gArgRB3lYpfdWGYtDn3CZp0fNgj3O4OKEr59qsOL379nxERU0KdUzUDX4LSN&xkcb=SoCs67M34t-B62wB6x0abzkdCdPP&fccid=3706b3907f8e1ee0&vjs=3,Data Analyst,IonTuition,,"Remote in Schaumburg, IL 60173",
https://www.indeed.com/rc/clk?jk=bc3d6f20ea59686f&bb=2PsbOjWHVQ2IPuS4aoaiWZRdw6qAVVN4SDL7izQCr_BKGUb6c1XrOJ3yz5eKdh7nPRrFMMwQSYdzToKhfNd2jkzWPInF2jXSlhxrK5yIgXBbckgGGXMbdxez2R1-9aIj&xkcb=SoAx67M34t-B62wB6x0ZbzkdCdPP&fccid=160efb82f2462f14&cmp=Expedia-Group&ti=Data+Analyst&vjs=3,Data Analyst (US - Contract),Expedia Group,2 days ago,Remote,
